{
  "taskId": 1,
  "ocrResult": [
    {
      "text": "腾讯云服务器2",
      "location": {
        "left": 380.7954,
        "top": 181.5276,
        "right": 1110.6385,
        "bottom": 294.46106
      },
      "pos": {
        "x": 381.16986,
        "y": 181.5276
      }
    },
    {
      "text": "2核4G 60G 5M/500G",
      "location": {
        "left": 214.61874,
        "top": 390.3573,
        "right": 1264.3844,
        "bottom": 493.00104
      },
      "pos": {
        "x": 214.61874,
        "y": 390.3573
      }
    }
  ]
}